"tick","numAdopt","deviance","remainBgt","captured","seeded","systemCost","realAdopt","IctSerNo","nullDev","rate"
0.0,72.0,0.0,335859.0,72.0,0.0,0.0,72.0,0.0,0.0,2.5
1.0,74.0,23.374303526061652,335859.0,72.0,0.0,17549.261536067166,73.0,0.0,22.691008711947138,0.35
